﻿<?xml version="1.0" encoding="utf-8"?><helpItems schema="maml">
<command:command xmlns:maml="http://schemas.microsoft.com/maml/2004/10" xmlns:command="http://schemas.microsoft.com/maml/dev/command/2004/10" xmlns:dev="http://schemas.microsoft.com/maml/dev/2004/10" xmlns:MSHelp="http://msdn.microsoft.com/mshelp">
<!--Generated by PS Cmdlet Help Editor-->
	<command:details>
		<command:name>Disable-Device</command:name>
		<maml:description>
			<maml:para>Disables a PnP device.</maml:para>
		</maml:description>
		<maml:copyright>
			<maml:para />
		</maml:copyright>
		<command:verb>Disable</command:verb>
		<command:noun>Device</command:noun>
		<dev:version />
	</command:details>
	<maml:description>
		<maml:para>The Disable-Device cmdlet disables a Plug and Play (PnP) device. You must use an Administrator account to disable a device.</maml:para>
	</maml:description>
	<command:syntax>
		<command:syntaxItem>
			<maml:name>Disable-Device</maml:name>
			<command:parameter required="true" variableLength="false" globbing="false" pipelineInput="true (ByValue, ByPropertyName)" position="1">
				<maml:name>InstanceId</maml:name>
				<maml:description>
					<maml:para>Specifies a unique instance IDs of a device.</maml:para>
				</maml:description>
				<command:parameterValue required="true" variableLength="false">String</command:parameterValue>
			</command:parameter>
			<command:parameter required="false" variableLength="true" globbing="false" pipelineInput="true (ByValue, ByPropertyName)" position="2">
				<maml:name>Class</maml:name>
				<maml:description>
					<maml:para />
				</maml:description>
				<command:parameterValue required="true" variableLength="true">Nullable`1[DeviceClass]</command:parameterValue>
			</command:parameter>
			<command:parameter required="false" variableLength="false" globbing="false" pipelineInput="false" position="named">
				<maml:name>InformationAction</maml:name>
				<maml:description>
					<maml:para />
				</maml:description>
				<command:parameterValue required="true" variableLength="false">ActionPreference</command:parameterValue>
			</command:parameter>
			<command:parameter required="false" variableLength="false" globbing="false" pipelineInput="false" position="named">
				<maml:name>InformationVariable</maml:name>
				<maml:description>
					<maml:para />
				</maml:description>
				<command:parameterValue required="true" variableLength="false">String</command:parameterValue>
			</command:parameter>
			<command:parameter required="false" variableLength="false" globbing="false" pipelineInput="false" position="named">
				<maml:name>WhatIf</maml:name>
				<maml:description>
					<maml:para />
				</maml:description>
				<command:parameterValue required="false" variableLength="false">SwitchParameter</command:parameterValue>
			</command:parameter>
			<command:parameter required="false" variableLength="false" globbing="false" pipelineInput="false" position="named">
				<maml:name>Confirm</maml:name>
				<maml:description>
					<maml:para />
				</maml:description>
				<command:parameterValue required="false" variableLength="false">SwitchParameter</command:parameterValue>
			</command:parameter>
		</command:syntaxItem>
		<command:syntaxItem>
			<maml:name>Disable-Device</maml:name>
			<command:parameter required="true" variableLength="false" globbing="false" pipelineInput="true (ByValue, ByPropertyName)" position="1">
				<maml:name>Name</maml:name>
				<maml:description>
					<maml:para>Specifies the name of the a device.</maml:para>
				</maml:description>
				<command:parameterValue required="true" variableLength="false">String</command:parameterValue>
			</command:parameter>
			<command:parameter required="false" variableLength="true" globbing="false" pipelineInput="true (ByValue, ByPropertyName)" position="2">
				<maml:name>Class</maml:name>
				<maml:description>
					<maml:para />
				</maml:description>
				<command:parameterValue required="true" variableLength="true">Nullable`1[DeviceClass]</command:parameterValue>
			</command:parameter>
			<command:parameter required="false" variableLength="false" globbing="false" pipelineInput="false" position="named">
				<maml:name>InformationAction</maml:name>
				<maml:description>
					<maml:para />
				</maml:description>
				<command:parameterValue required="true" variableLength="false">ActionPreference</command:parameterValue>
			</command:parameter>
			<command:parameter required="false" variableLength="false" globbing="false" pipelineInput="false" position="named">
				<maml:name>InformationVariable</maml:name>
				<maml:description>
					<maml:para />
				</maml:description>
				<command:parameterValue required="true" variableLength="false">String</command:parameterValue>
			</command:parameter>
			<command:parameter required="false" variableLength="false" globbing="false" pipelineInput="false" position="named">
				<maml:name>WhatIf</maml:name>
				<maml:description>
					<maml:para />
				</maml:description>
				<command:parameterValue required="false" variableLength="false">SwitchParameter</command:parameterValue>
			</command:parameter>
			<command:parameter required="false" variableLength="false" globbing="false" pipelineInput="false" position="named">
				<maml:name>Confirm</maml:name>
				<maml:description>
					<maml:para />
				</maml:description>
				<command:parameterValue required="false" variableLength="false">SwitchParameter</command:parameterValue>
			</command:parameter>
		</command:syntaxItem>
	</command:syntax>
	<command:parameters>
		<command:parameter required="true" variableLength="false" globbing="false" pipelineInput="true (ByValue, ByPropertyName)" position="1">
			<maml:name>InstanceId</maml:name>
			<maml:description>
				<maml:para>Specifies a unique instance IDs of a device.</maml:para>
			</maml:description>
			<command:parameterValue required="true" variableLength="false">String</command:parameterValue>
			<dev:type>
				<maml:name>String</maml:name>
				<maml:uri/>
			</dev:type>
			<dev:defaultValue></dev:defaultValue>
		</command:parameter>
		<command:parameter required="false" variableLength="true" globbing="false" pipelineInput="true (ByValue, ByPropertyName)" position="2">
			<maml:name>Class</maml:name>
			<maml:description>
				<maml:para />
			</maml:description>
			<command:parameterValue required="true" variableLength="true">Nullable`1[DeviceClass]</command:parameterValue>
			<dev:type>
				<maml:name>Nullable`1[DeviceClass]</maml:name>
				<maml:uri/>
			</dev:type>
			<dev:defaultValue></dev:defaultValue>
		</command:parameter>
		<command:parameter required="false" variableLength="false" globbing="false" pipelineInput="false" position="named">
			<maml:name>InformationAction</maml:name>
			<maml:description>
				<maml:para />
			</maml:description>
			<command:parameterValue required="true" variableLength="false">ActionPreference</command:parameterValue>
			<dev:type>
				<maml:name>ActionPreference</maml:name>
				<maml:uri/>
			</dev:type>
			<dev:defaultValue></dev:defaultValue>
		</command:parameter>
		<command:parameter required="false" variableLength="false" globbing="false" pipelineInput="false" position="named">
			<maml:name>InformationVariable</maml:name>
			<maml:description>
				<maml:para />
			</maml:description>
			<command:parameterValue required="true" variableLength="false">String</command:parameterValue>
			<dev:type>
				<maml:name>String</maml:name>
				<maml:uri/>
			</dev:type>
			<dev:defaultValue></dev:defaultValue>
		</command:parameter>
		<command:parameter required="false" variableLength="false" globbing="false" pipelineInput="false" position="named">
			<maml:name>WhatIf</maml:name>
			<maml:description>
				<maml:para />
			</maml:description>
			<command:parameterValue required="false" variableLength="false">SwitchParameter</command:parameterValue>
			<dev:type>
				<maml:name>SwitchParameter</maml:name>
				<maml:uri/>
			</dev:type>
			<dev:defaultValue></dev:defaultValue>
		</command:parameter>
		<command:parameter required="false" variableLength="false" globbing="false" pipelineInput="false" position="named">
			<maml:name>Confirm</maml:name>
			<maml:description>
				<maml:para />
			</maml:description>
			<command:parameterValue required="false" variableLength="false">SwitchParameter</command:parameterValue>
			<dev:type>
				<maml:name>SwitchParameter</maml:name>
				<maml:uri/>
			</dev:type>
			<dev:defaultValue></dev:defaultValue>
		</command:parameter>
		<command:parameter required="true" variableLength="false" globbing="false" pipelineInput="true (ByValue, ByPropertyName)" position="1">
			<maml:name>Name</maml:name>
			<maml:description>
				<maml:para>Specifies the name of the a device.</maml:para>
			</maml:description>
			<command:parameterValue required="true" variableLength="false">String</command:parameterValue>
			<dev:type>
				<maml:name>String</maml:name>
				<maml:uri/>
			</dev:type>
			<dev:defaultValue></dev:defaultValue>
		</command:parameter>
	</command:parameters>
	<command:inputTypes>
		<command:inputType>
			<dev:type>
				<maml:name>string</maml:name>
				<maml:uri></maml:uri>
				<maml:description/>
			</dev:type>
			<maml:description>
<maml:para />
			</maml:description>
		</command:inputType>
		<command:inputType>
			<dev:type>
				<maml:name> DeviceManagementLib.Device</maml:name>
				<maml:uri />
				<maml:description/>
			</dev:type>
			<maml:description>
<maml:para />
			</maml:description>
		</command:inputType>
	</command:inputTypes>
	<command:returnValues>
		<command:returnValue>
			<dev:type>
				<maml:name></maml:name>
				<maml:uri></maml:uri>
				<maml:description/>
			</dev:type>
			<maml:description>
<maml:para />
			</maml:description>
		</command:returnValue>
	</command:returnValues>
	<command:terminatingErrors></command:terminatingErrors>
	<command:nonTerminatingErrors></command:nonTerminatingErrors>
	<maml:alertSet>
		<maml:title></maml:title>
		<maml:alert>
			<maml:para />
		</maml:alert>
	</maml:alertSet>
	<command:examples>
		<command:example>
			<maml:title>--------------------------  Example 1  --------------------------</maml:title>
			<maml:introduction>
				<maml:paragraph>PS C:\&gt;</maml:paragraph>
			</maml:introduction>
			<dev:code>PS C:\&gt; Disable-Device -InstanceId &apos;VMBUS\{0EC56B6F-245E-4EA5-92FD-683D208E05C9}\5&amp;296C0F0E&amp;0&amp;{0EC56B6F-245E-4EA5-92FD-683D208E05C9}&apos;</dev:code>
			<dev:remarks>
				<maml:para>This command disables the device identified by the Instance ID.</maml:para>
				<maml:para />
				<maml:para />
				<maml:para>Confirm
Are you sure you want to perform this action?
Performing the operation &quot;Disable Device&quot; on target &quot;Microsoft Virtual Machine Bus Network Adapter #3&quot;.
[Y] Yes  [A] Yes to All  [N] No  [L] No to All  [S] Suspend  [?] Help (default is &quot;Y&quot;): y</maml:para>
			</dev:remarks>
			<command:commandLines>
				<command:commandLine>
					<command:commandText>
						<maml:para />
					</command:commandText>
				</command:commandLine>
			</command:commandLines>
		</command:example>
	</command:examples>
	<maml:relatedLinks>
	</maml:relatedLinks>
</command:command>
<command:command xmlns:maml="http://schemas.microsoft.com/maml/2004/10" xmlns:command="http://schemas.microsoft.com/maml/dev/command/2004/10" xmlns:dev="http://schemas.microsoft.com/maml/dev/2004/10" xmlns:MSHelp="http://msdn.microsoft.com/mshelp">
<!--Generated by PS Cmdlet Help Editor-->
	<command:details>
		<command:name>Enable-Device</command:name>
		<maml:description>
			<maml:para>Enables a PnP device.</maml:para>
		</maml:description>
		<maml:copyright>
			<maml:para />
		</maml:copyright>
		<command:verb>Enable</command:verb>
		<command:noun>Device</command:noun>
		<dev:version />
	</command:details>
	<maml:description>
		<maml:para>The Enable-Device cmdlet disables a Plug and Play (PnP) device. You must use an Administrator account to enable a device.</maml:para>
	</maml:description>
	<command:syntax>
		<command:syntaxItem>
			<maml:name>Enable-Device</maml:name>
			<command:parameter required="true" variableLength="false" globbing="false" pipelineInput="true (ByValue, ByPropertyName)" position="1">
				<maml:name>InstanceId</maml:name>
				<maml:description>
					<maml:para>Specifies a unique instance IDs of a device.</maml:para>
				</maml:description>
				<command:parameterValue required="true" variableLength="false">String</command:parameterValue>
			</command:parameter>
			<command:parameter required="false" variableLength="true" globbing="false" pipelineInput="true (ByValue, ByPropertyName)" position="2">
				<maml:name>Class</maml:name>
				<maml:description>
					<maml:para />
				</maml:description>
				<command:parameterValue required="true" variableLength="true">Nullable`1[DeviceClass]</command:parameterValue>
			</command:parameter>
			<command:parameter required="false" variableLength="false" globbing="false" pipelineInput="false" position="named">
				<maml:name>InformationAction</maml:name>
				<maml:description>
					<maml:para />
				</maml:description>
				<command:parameterValue required="true" variableLength="false">ActionPreference</command:parameterValue>
			</command:parameter>
			<command:parameter required="false" variableLength="false" globbing="false" pipelineInput="false" position="named">
				<maml:name>InformationVariable</maml:name>
				<maml:description>
					<maml:para />
				</maml:description>
				<command:parameterValue required="true" variableLength="false">String</command:parameterValue>
			</command:parameter>
			<command:parameter required="false" variableLength="false" globbing="false" pipelineInput="false" position="named">
				<maml:name>WhatIf</maml:name>
				<maml:description>
					<maml:para />
				</maml:description>
				<command:parameterValue required="false" variableLength="false">SwitchParameter</command:parameterValue>
			</command:parameter>
			<command:parameter required="false" variableLength="false" globbing="false" pipelineInput="false" position="named">
				<maml:name>Confirm</maml:name>
				<maml:description>
					<maml:para />
				</maml:description>
				<command:parameterValue required="false" variableLength="false">SwitchParameter</command:parameterValue>
			</command:parameter>
		</command:syntaxItem>
		<command:syntaxItem>
			<maml:name>Enable-Device</maml:name>
			<command:parameter required="true" variableLength="false" globbing="false" pipelineInput="true (ByValue, ByPropertyName)" position="1">
				<maml:name>Name</maml:name>
				<maml:description>
					<maml:para>Specifies the name of the a device.</maml:para>
				</maml:description>
				<command:parameterValue required="true" variableLength="false">String</command:parameterValue>
			</command:parameter>
			<command:parameter required="false" variableLength="true" globbing="false" pipelineInput="true (ByValue, ByPropertyName)" position="2">
				<maml:name>Class</maml:name>
				<maml:description>
					<maml:para />
				</maml:description>
				<command:parameterValue required="true" variableLength="true">Nullable`1[DeviceClass]</command:parameterValue>
			</command:parameter>
			<command:parameter required="false" variableLength="false" globbing="false" pipelineInput="false" position="named">
				<maml:name>InformationAction</maml:name>
				<maml:description>
					<maml:para />
				</maml:description>
				<command:parameterValue required="true" variableLength="false">ActionPreference</command:parameterValue>
			</command:parameter>
			<command:parameter required="false" variableLength="false" globbing="false" pipelineInput="false" position="named">
				<maml:name>InformationVariable</maml:name>
				<maml:description>
					<maml:para />
				</maml:description>
				<command:parameterValue required="true" variableLength="false">String</command:parameterValue>
			</command:parameter>
			<command:parameter required="false" variableLength="false" globbing="false" pipelineInput="false" position="named">
				<maml:name>WhatIf</maml:name>
				<maml:description>
					<maml:para />
				</maml:description>
				<command:parameterValue required="false" variableLength="false">SwitchParameter</command:parameterValue>
			</command:parameter>
			<command:parameter required="false" variableLength="false" globbing="false" pipelineInput="false" position="named">
				<maml:name>Confirm</maml:name>
				<maml:description>
					<maml:para />
				</maml:description>
				<command:parameterValue required="false" variableLength="false">SwitchParameter</command:parameterValue>
			</command:parameter>
		</command:syntaxItem>
	</command:syntax>
	<command:parameters>
		<command:parameter required="true" variableLength="false" globbing="false" pipelineInput="true (ByValue, ByPropertyName)" position="1">
			<maml:name>InstanceId</maml:name>
			<maml:description>
				<maml:para>Specifies a unique instance IDs of a device.</maml:para>
			</maml:description>
			<command:parameterValue required="true" variableLength="false">String</command:parameterValue>
			<dev:type>
				<maml:name>String</maml:name>
				<maml:uri/>
			</dev:type>
			<dev:defaultValue></dev:defaultValue>
		</command:parameter>
		<command:parameter required="false" variableLength="true" globbing="false" pipelineInput="true (ByValue, ByPropertyName)" position="2">
			<maml:name>Class</maml:name>
			<maml:description>
				<maml:para />
			</maml:description>
			<command:parameterValue required="true" variableLength="true">Nullable`1[DeviceClass]</command:parameterValue>
			<dev:type>
				<maml:name>Nullable`1[DeviceClass]</maml:name>
				<maml:uri/>
			</dev:type>
			<dev:defaultValue></dev:defaultValue>
		</command:parameter>
		<command:parameter required="false" variableLength="false" globbing="false" pipelineInput="false" position="named">
			<maml:name>InformationAction</maml:name>
			<maml:description>
				<maml:para />
			</maml:description>
			<command:parameterValue required="true" variableLength="false">ActionPreference</command:parameterValue>
			<dev:type>
				<maml:name>ActionPreference</maml:name>
				<maml:uri/>
			</dev:type>
			<dev:defaultValue></dev:defaultValue>
		</command:parameter>
		<command:parameter required="false" variableLength="false" globbing="false" pipelineInput="false" position="named">
			<maml:name>InformationVariable</maml:name>
			<maml:description>
				<maml:para />
			</maml:description>
			<command:parameterValue required="true" variableLength="false">String</command:parameterValue>
			<dev:type>
				<maml:name>String</maml:name>
				<maml:uri/>
			</dev:type>
			<dev:defaultValue></dev:defaultValue>
		</command:parameter>
		<command:parameter required="false" variableLength="false" globbing="false" pipelineInput="false" position="named">
			<maml:name>WhatIf</maml:name>
			<maml:description>
				<maml:para />
			</maml:description>
			<command:parameterValue required="false" variableLength="false">SwitchParameter</command:parameterValue>
			<dev:type>
				<maml:name>SwitchParameter</maml:name>
				<maml:uri/>
			</dev:type>
			<dev:defaultValue></dev:defaultValue>
		</command:parameter>
		<command:parameter required="false" variableLength="false" globbing="false" pipelineInput="false" position="named">
			<maml:name>Confirm</maml:name>
			<maml:description>
				<maml:para />
			</maml:description>
			<command:parameterValue required="false" variableLength="false">SwitchParameter</command:parameterValue>
			<dev:type>
				<maml:name>SwitchParameter</maml:name>
				<maml:uri/>
			</dev:type>
			<dev:defaultValue></dev:defaultValue>
		</command:parameter>
		<command:parameter required="true" variableLength="false" globbing="false" pipelineInput="true (ByValue, ByPropertyName)" position="1">
			<maml:name>Name</maml:name>
			<maml:description>
				<maml:para>Specifies the name of the a device.</maml:para>
			</maml:description>
			<command:parameterValue required="true" variableLength="false">String</command:parameterValue>
			<dev:type>
				<maml:name>String</maml:name>
				<maml:uri/>
			</dev:type>
			<dev:defaultValue></dev:defaultValue>
		</command:parameter>
	</command:parameters>
	<command:inputTypes>
		<command:inputType>
			<dev:type>
				<maml:name>string</maml:name>
				<maml:uri></maml:uri>
				<maml:description/>
			</dev:type>
			<maml:description>
<maml:para />
			</maml:description>
		</command:inputType>
		<command:inputType>
			<dev:type>
				<maml:name> DeviceManagementLib.Device</maml:name>
				<maml:uri />
				<maml:description/>
			</dev:type>
			<maml:description>
<maml:para />
			</maml:description>
		</command:inputType>
	</command:inputTypes>
	<command:returnValues>
		<command:returnValue>
			<dev:type>
				<maml:name></maml:name>
				<maml:uri></maml:uri>
				<maml:description/>
			</dev:type>
			<maml:description>
<maml:para />
			</maml:description>
		</command:returnValue>
	</command:returnValues>
	<command:terminatingErrors></command:terminatingErrors>
	<command:nonTerminatingErrors></command:nonTerminatingErrors>
	<maml:alertSet>
		<maml:title></maml:title>
		<maml:alert>
			<maml:para />
		</maml:alert>
	</maml:alertSet>
	<command:examples>
		<command:example>
			<maml:title>--------------------------  Example 1  --------------------------</maml:title>
			<maml:introduction>
				<maml:paragraph>PS C:\&gt;</maml:paragraph>
			</maml:introduction>
			<dev:code>PS C:\&gt; Enable-Device -Name &apos;System Speaker&apos;</dev:code>
			<dev:remarks>
				<maml:para>This command enables the system speaker.</maml:para>
				<maml:para />
				<maml:para />
				<maml:para>Confirm
Are you sure you want to perform this action?
Performing the operation &quot;Enable Device&quot; on target &quot;System speaker&quot;.
[Y] Yes  [A] Yes to All  [N] No  [L] No to All  [S] Suspend  [?] Help (default is &quot;Y&quot;): y</maml:para>
			</dev:remarks>
			<command:commandLines>
				<command:commandLine>
					<command:commandText>
						<maml:para />
					</command:commandText>
				</command:commandLine>
			</command:commandLines>
		</command:example>
		<command:example>
			<maml:title>--------------------------  Example 2  --------------------------</maml:title>
			<maml:introduction>
				<maml:paragraph>PS C:\&gt;</maml:paragraph>
			</maml:introduction>
			<dev:code>PS C:\&gt; Get-Device | Where-Object Name -like *Floppy* | Enable-Device</dev:code>
			<dev:remarks>
				<maml:para>This command enables all devices having names like *Floppy*.</maml:para>
				<maml:para />
				<maml:para />
				<maml:para>Confirm
Are you sure you want to perform this action?
Performing the operation &quot;Enable Device&quot; on target &quot;Standard floppy disk controller&quot;.
[Y] Yes  [A] Yes to All  [N] No  [L] No to All  [S] Suspend  [?] Help (default is &quot;Y&quot;): y

Confirm
Are you sure you want to perform this action?
Performing the operation &quot;Enable Device&quot; on target &quot;Floppy disk drive&quot;.
[Y] Yes  [A] Yes to All  [N] No  [L] No to All  [S] Suspend  [?] Help (default is &quot;Y&quot;): y</maml:para>
			</dev:remarks>
			<command:commandLines>
				<command:commandLine>
					<command:commandText>
						<maml:para />
					</command:commandText>
				</command:commandLine>
			</command:commandLines>
		</command:example>
		<command:example>
			<maml:title>--------------------------  Example 3  --------------------------</maml:title>
			<maml:introduction>
				<maml:paragraph>PS C:\&gt;</maml:paragraph>
			</maml:introduction>
			<dev:code>Get-Device -Class GUID_DEVCLASS_NET | Where-Object { -not $_.IsEnabled } | Enable-Device -Confirm:$false</dev:code>
			<dev:remarks>
				<maml:para>This command enables all disabled network adapters.</maml:para>
				<maml:para />
				<maml:para />
				<maml:para></maml:para>
			</dev:remarks>
			<command:commandLines>
				<command:commandLine>
					<command:commandText>
						<maml:para />
					</command:commandText>
				</command:commandLine>
			</command:commandLines>
		</command:example>
	</command:examples>
	<maml:relatedLinks>
	</maml:relatedLinks>
</command:command>
<command:command xmlns:maml="http://schemas.microsoft.com/maml/2004/10" xmlns:command="http://schemas.microsoft.com/maml/dev/command/2004/10" xmlns:dev="http://schemas.microsoft.com/maml/dev/2004/10" xmlns:MSHelp="http://msdn.microsoft.com/mshelp">
<!--Generated by PS Cmdlet Help Editor-->
	<command:details>
		<command:name>Get-Device</command:name>
		<maml:description>
			<maml:para>Returns information about PnP devices.</maml:para>
		</maml:description>
		<maml:copyright>
			<maml:para />
		</maml:copyright>
		<command:verb>Get</command:verb>
		<command:noun>Device</command:noun>
		<dev:version />
	</command:details>
	<maml:description>
		<maml:para>The Get-Device cmdlet returns basic information about Plug and Play (PnP) devices. The values returned are common to all devices.</maml:para>
	</maml:description>
	<command:syntax>
		<command:syntaxItem>
			<maml:name>Get-Device</maml:name>
			<command:parameter required="false" variableLength="false" globbing="false" pipelineInput="true (ByValue, ByPropertyName)" position="1">
				<maml:name>InstanceId</maml:name>
				<maml:description>
					<maml:para>Looks for the device with this Instance ID.</maml:para>
				</maml:description>
				<command:parameterValue required="true" variableLength="false">String</command:parameterValue>
			</command:parameter>
			<command:parameter required="false" variableLength="true" globbing="false" pipelineInput="true (ByValue, ByPropertyName)" position="2">
				<maml:name>Class</maml:name>
				<maml:description>
					<maml:para>Returns all devices of the given class.</maml:para>
				</maml:description>
				<command:parameterValue required="true" variableLength="true">Nullable`1[DeviceClass]</command:parameterValue>
			</command:parameter>
			<command:parameter required="false" variableLength="false" globbing="false" pipelineInput="false" position="named">
				<maml:name>ShowNonpresentPresentDevices</maml:name>
				<maml:description>
					<maml:para>Also shows hidden devices that are not visible in the Windows Device Manager without enabling &quot;Show hidden devices.</maml:para>
				</maml:description>
				<command:parameterValue required="false" variableLength="false">SwitchParameter</command:parameterValue>
			</command:parameter>
			<command:parameter required="false" variableLength="false" globbing="false" pipelineInput="false" position="named">
				<maml:name>InformationAction</maml:name>
				<maml:description>
					<maml:para />
				</maml:description>
				<command:parameterValue required="true" variableLength="false">ActionPreference</command:parameterValue>
			</command:parameter>
			<command:parameter required="false" variableLength="false" globbing="false" pipelineInput="false" position="named">
				<maml:name>InformationVariable</maml:name>
				<maml:description>
					<maml:para />
				</maml:description>
				<command:parameterValue required="true" variableLength="false">String</command:parameterValue>
			</command:parameter>
		</command:syntaxItem>
		<command:syntaxItem>
			<maml:name>Get-Device</maml:name>
			<command:parameter required="false" variableLength="false" globbing="false" pipelineInput="true (ByValue, ByPropertyName)" position="1">
				<maml:name>Name</maml:name>
				<maml:description>
					<maml:para>Looks for the device with the given name</maml:para>
				</maml:description>
				<command:parameterValue required="true" variableLength="false">String</command:parameterValue>
			</command:parameter>
			<command:parameter required="false" variableLength="true" globbing="false" pipelineInput="true (ByValue, ByPropertyName)" position="2">
				<maml:name>Class</maml:name>
				<maml:description>
					<maml:para>Returns all devices of the given class.</maml:para>
				</maml:description>
				<command:parameterValue required="true" variableLength="true">Nullable`1[DeviceClass]</command:parameterValue>
			</command:parameter>
			<command:parameter required="false" variableLength="false" globbing="false" pipelineInput="false" position="named">
				<maml:name>ShowNonpresentPresentDevices</maml:name>
				<maml:description>
					<maml:para>Also shows hidden devices that are not visible in the Windows Device Manager without enabling &quot;Show hidden devices.</maml:para>
				</maml:description>
				<command:parameterValue required="false" variableLength="false">SwitchParameter</command:parameterValue>
			</command:parameter>
			<command:parameter required="false" variableLength="false" globbing="false" pipelineInput="false" position="named">
				<maml:name>InformationAction</maml:name>
				<maml:description>
					<maml:para />
				</maml:description>
				<command:parameterValue required="true" variableLength="false">ActionPreference</command:parameterValue>
			</command:parameter>
			<command:parameter required="false" variableLength="false" globbing="false" pipelineInput="false" position="named">
				<maml:name>InformationVariable</maml:name>
				<maml:description>
					<maml:para />
				</maml:description>
				<command:parameterValue required="true" variableLength="false">String</command:parameterValue>
			</command:parameter>
		</command:syntaxItem>
	</command:syntax>
	<command:parameters>
		<command:parameter required="false" variableLength="false" globbing="false" pipelineInput="true (ByValue, ByPropertyName)" position="1">
			<maml:name>InstanceId</maml:name>
			<maml:description>
				<maml:para>Looks for the device with this Instance ID.</maml:para>
			</maml:description>
			<command:parameterValue required="true" variableLength="false">String</command:parameterValue>
			<dev:type>
				<maml:name>String</maml:name>
				<maml:uri/>
			</dev:type>
			<dev:defaultValue></dev:defaultValue>
		</command:parameter>
		<command:parameter required="false" variableLength="true" globbing="false" pipelineInput="true (ByValue, ByPropertyName)" position="2">
			<maml:name>Class</maml:name>
			<maml:description>
				<maml:para>Returns all devices of the given class.</maml:para>
			</maml:description>
			<command:parameterValue required="true" variableLength="true">Nullable`1[DeviceClass]</command:parameterValue>
			<dev:type>
				<maml:name>Nullable`1[DeviceClass]</maml:name>
				<maml:uri/>
			</dev:type>
			<dev:defaultValue></dev:defaultValue>
		</command:parameter>
		<command:parameter required="false" variableLength="false" globbing="false" pipelineInput="false" position="named">
			<maml:name>ShowNonpresentPresentDevices</maml:name>
			<maml:description>
				<maml:para>Also shows hidden devices that are not visible in the Windows Device Manager without enabling &quot;Show hidden devices.</maml:para>
			</maml:description>
			<command:parameterValue required="false" variableLength="false">SwitchParameter</command:parameterValue>
			<dev:type>
				<maml:name>SwitchParameter</maml:name>
				<maml:uri/>
			</dev:type>
			<dev:defaultValue></dev:defaultValue>
		</command:parameter>
		<command:parameter required="false" variableLength="false" globbing="false" pipelineInput="false" position="named">
			<maml:name>InformationAction</maml:name>
			<maml:description>
				<maml:para />
			</maml:description>
			<command:parameterValue required="true" variableLength="false">ActionPreference</command:parameterValue>
			<dev:type>
				<maml:name>ActionPreference</maml:name>
				<maml:uri/>
			</dev:type>
			<dev:defaultValue></dev:defaultValue>
		</command:parameter>
		<command:parameter required="false" variableLength="false" globbing="false" pipelineInput="false" position="named">
			<maml:name>InformationVariable</maml:name>
			<maml:description>
				<maml:para />
			</maml:description>
			<command:parameterValue required="true" variableLength="false">String</command:parameterValue>
			<dev:type>
				<maml:name>String</maml:name>
				<maml:uri/>
			</dev:type>
			<dev:defaultValue></dev:defaultValue>
		</command:parameter>
		<command:parameter required="false" variableLength="false" globbing="false" pipelineInput="true (ByValue, ByPropertyName)" position="1">
			<maml:name>Name</maml:name>
			<maml:description>
				<maml:para>Looks for the device with the given name</maml:para>
			</maml:description>
			<command:parameterValue required="true" variableLength="false">String</command:parameterValue>
			<dev:type>
				<maml:name>String</maml:name>
				<maml:uri/>
			</dev:type>
			<dev:defaultValue></dev:defaultValue>
		</command:parameter>
	</command:parameters>
	<command:inputTypes>
		<command:inputType>
			<dev:type>
				<maml:name>string</maml:name>
				<maml:uri></maml:uri>
				<maml:description/>
			</dev:type>
			<maml:description>
<maml:para />
			</maml:description>
		</command:inputType>
	</command:inputTypes>
	<command:returnValues>
		<command:returnValue>
			<dev:type>
				<maml:name>DeviceManagementLib.Device</maml:name>
				<maml:uri></maml:uri>
				<maml:description/>
			</dev:type>
			<maml:description>
<maml:para />
			</maml:description>
		</command:returnValue>
	</command:returnValues>
	<command:terminatingErrors></command:terminatingErrors>
	<command:nonTerminatingErrors></command:nonTerminatingErrors>
	<maml:alertSet>
		<maml:title></maml:title>
		<maml:alert>
			<maml:para />
		</maml:alert>
	</maml:alertSet>
	<command:examples>
		<command:example>
			<maml:title>--------------------------  Example 1  --------------------------</maml:title>
			<maml:introduction>
				<maml:paragraph>PS C:\&gt;</maml:paragraph>
			</maml:introduction>
			<dev:code>PS C:\&gt; Get-Device -ShowNonpresentPresentDevices</dev:code>
			<dev:remarks>
				<maml:para>Gets all devices, also the hidden ones.</maml:para>
				<maml:para />
				<maml:para />
				<maml:para>Name                                                          Enabled Class                      InstanceId
----                                                          ------- -----                      ----------
Browser Support Driver                                        True    GUID_DEVCLASS_LEGACYDRIVER ROOT\LEGACY_BOWSER\0000
WAN Miniport (IKEv2)                                          True    GUID_DEVCLASS_NET          ROOT\MS_AGILEVPNMINIPORT\0000
msisadrv                                                      True    GUID_DEVCLASS_LEGACYDRIVER ROOT\LEGACY_MSISADRV\0000
Communications Port (COM2)                                    True    GUID_DEVCLASS_PORTS        ACPI\PNP0501\2
Security Driver                                               True    GUID_DEVCLASS_LEGACYDRIVER ROOT\LEGACY_SECDRV\0000
CD/DVD File System Reader                                     True    GUID_DEVCLASS_LEGACYDRIVER ROOT\LEGACY_CDFS\0000
...</maml:para>
			</dev:remarks>
			<command:commandLines>
				<command:commandLine>
					<command:commandText>
						<maml:para />
					</command:commandText>
				</command:commandLine>
			</command:commandLines>
		</command:example>
		<command:example>
			<maml:title>--------------------------  Example 2  --------------------------</maml:title>
			<maml:introduction>
				<maml:paragraph>PS C:\&gt;</maml:paragraph>
			</maml:introduction>
			<dev:code>PS C:\&gt; Get-Device -Name &apos;System Speaker&apos;</dev:code>
			<dev:remarks>
				<maml:para>Gets only the System Speaker device.</maml:para>
				<maml:para />
				<maml:para />
				<maml:para>Name           Enabled Class                InstanceId
----           ------- -----                ----------
System speaker True    GUID_DEVCLASS_SYSTEM ACPI\PNP0800\4&amp;215D0F95&amp;0</maml:para>
			</dev:remarks>
			<command:commandLines>
				<command:commandLine>
					<command:commandText>
						<maml:para />
					</command:commandText>
				</command:commandLine>
			</command:commandLines>
		</command:example>
		<command:example>
			<maml:title>--------------------------  Example 3  --------------------------</maml:title>
			<maml:introduction>
				<maml:paragraph>PS C:\&gt;</maml:paragraph>
			</maml:introduction>
			<dev:code>PS C:\&gt; Get-Device -InstanceId &apos;ACPI\GENUINEINTEL_-_INTEL64_FAMILY_6_MODEL_45_-________INTEL(R)_CORE(TM)_I7-3930K_CPU_@_3.20GHZ\_1&apos;</dev:code>
			<dev:remarks>
				<maml:para>Gets the device by the Instance ID.</maml:para>
				<maml:para />
				<maml:para />
				<maml:para>Name                                     Enabled Class                   InstanceId
----                                     ------- -----                   ----------
Intel(R) Core(TM) i7-3930K CPU @ 3.20GHz True    GUID_DEVCLASS_PROCESSOR ACPI\GENUINEINTEL_-_INTEL64_FAMILY_6_MODEL_45_-________INTEL(R)_CORE(TM)_I7-3930K_CPU_@_3.20GHZ\_1</maml:para>
			</dev:remarks>
			<command:commandLines>
				<command:commandLine>
					<command:commandText>
						<maml:para />
					</command:commandText>
				</command:commandLine>
			</command:commandLines>
		</command:example>
		<command:example>
			<maml:title>--------------------------  Example 4  --------------------------</maml:title>
			<maml:introduction>
				<maml:paragraph>PS C:\&gt;</maml:paragraph>
			</maml:introduction>
			<dev:code>PS C:\&gt; Get-Device | Where-Object { -not $_.IsEnabled }</dev:code>
			<dev:remarks>
				<maml:para>Get all disabled devices.</maml:para>
				<maml:para />
				<maml:para />
				<maml:para>Name                                      Enabled Class      InstanceId
----                                      ------- -----      ----------
SDA Standard Compliant SD Host Controller False   4294967295 ROOT\SDHOST\0000</maml:para>
			</dev:remarks>
			<command:commandLines>
				<command:commandLine>
					<command:commandText>
						<maml:para />
					</command:commandText>
				</command:commandLine>
			</command:commandLines>
		</command:example>
	</command:examples>
	<maml:relatedLinks>
	</maml:relatedLinks>
</command:command>
<command:command xmlns:maml="http://schemas.microsoft.com/maml/2004/10" xmlns:command="http://schemas.microsoft.com/maml/dev/command/2004/10" xmlns:dev="http://schemas.microsoft.com/maml/dev/2004/10" xmlns:MSHelp="http://msdn.microsoft.com/mshelp">
<!--Generated by PS Cmdlet Help Editor-->
	<command:details>
		<command:name>Uninstall-Device</command:name>
		<maml:description>
			<maml:para>Uninstalls a PnP device.</maml:para>
		</maml:description>
		<maml:copyright>
			<maml:para />
		</maml:copyright>
		<command:verb>Uninstall</command:verb>
		<command:noun>Device</command:noun>
		<dev:version />
	</command:details>
	<maml:description>
		<maml:para>The Uninstall-Device cmdlet uninstalls a Plug and Play (PnP) device. You must use an Administrator account to uninstall a device.</maml:para>
	</maml:description>
	<command:syntax>
		<command:syntaxItem>
			<maml:name>Uninstall-Device</maml:name>
			<command:parameter required="true" variableLength="false" globbing="false" pipelineInput="true (ByValue, ByPropertyName)" position="1">
				<maml:name>InstanceId</maml:name>
				<maml:description>
					<maml:para>Specifies a unique instance IDs of a device.</maml:para>
				</maml:description>
				<command:parameterValue required="true" variableLength="false">String</command:parameterValue>
			</command:parameter>
			<command:parameter required="false" variableLength="true" globbing="false" pipelineInput="true (ByValue, ByPropertyName)" position="2">
				<maml:name>Class</maml:name>
				<maml:description>
					<maml:para />
				</maml:description>
				<command:parameterValue required="true" variableLength="true">Nullable`1[DeviceClass]</command:parameterValue>
			</command:parameter>
			<command:parameter required="false" variableLength="false" globbing="false" pipelineInput="false" position="named">
				<maml:name>InformationAction</maml:name>
				<maml:description>
					<maml:para />
				</maml:description>
				<command:parameterValue required="true" variableLength="false">ActionPreference</command:parameterValue>
			</command:parameter>
			<command:parameter required="false" variableLength="false" globbing="false" pipelineInput="false" position="named">
				<maml:name>InformationVariable</maml:name>
				<maml:description>
					<maml:para />
				</maml:description>
				<command:parameterValue required="true" variableLength="false">String</command:parameterValue>
			</command:parameter>
			<command:parameter required="false" variableLength="false" globbing="false" pipelineInput="false" position="named">
				<maml:name>WhatIf</maml:name>
				<maml:description>
					<maml:para />
				</maml:description>
				<command:parameterValue required="false" variableLength="false">SwitchParameter</command:parameterValue>
			</command:parameter>
			<command:parameter required="false" variableLength="false" globbing="false" pipelineInput="false" position="named">
				<maml:name>Confirm</maml:name>
				<maml:description>
					<maml:para />
				</maml:description>
				<command:parameterValue required="false" variableLength="false">SwitchParameter</command:parameterValue>
			</command:parameter>
		</command:syntaxItem>
		<command:syntaxItem>
			<maml:name>Uninstall-Device</maml:name>
			<command:parameter required="true" variableLength="false" globbing="false" pipelineInput="true (ByValue, ByPropertyName)" position="1">
				<maml:name>Name</maml:name>
				<maml:description>
					<maml:para>Specifies the name of the a device.</maml:para>
				</maml:description>
				<command:parameterValue required="true" variableLength="false">String</command:parameterValue>
			</command:parameter>
			<command:parameter required="false" variableLength="true" globbing="false" pipelineInput="true (ByValue, ByPropertyName)" position="2">
				<maml:name>Class</maml:name>
				<maml:description>
					<maml:para />
				</maml:description>
				<command:parameterValue required="true" variableLength="true">Nullable`1[DeviceClass]</command:parameterValue>
			</command:parameter>
			<command:parameter required="false" variableLength="false" globbing="false" pipelineInput="false" position="named">
				<maml:name>InformationAction</maml:name>
				<maml:description>
					<maml:para />
				</maml:description>
				<command:parameterValue required="true" variableLength="false">ActionPreference</command:parameterValue>
			</command:parameter>
			<command:parameter required="false" variableLength="false" globbing="false" pipelineInput="false" position="named">
				<maml:name>InformationVariable</maml:name>
				<maml:description>
					<maml:para />
				</maml:description>
				<command:parameterValue required="true" variableLength="false">String</command:parameterValue>
			</command:parameter>
			<command:parameter required="false" variableLength="false" globbing="false" pipelineInput="false" position="named">
				<maml:name>WhatIf</maml:name>
				<maml:description>
					<maml:para />
				</maml:description>
				<command:parameterValue required="false" variableLength="false">SwitchParameter</command:parameterValue>
			</command:parameter>
			<command:parameter required="false" variableLength="false" globbing="false" pipelineInput="false" position="named">
				<maml:name>Confirm</maml:name>
				<maml:description>
					<maml:para />
				</maml:description>
				<command:parameterValue required="false" variableLength="false">SwitchParameter</command:parameterValue>
			</command:parameter>
		</command:syntaxItem>
	</command:syntax>
	<command:parameters>
		<command:parameter required="true" variableLength="false" globbing="false" pipelineInput="true (ByValue, ByPropertyName)" position="1">
			<maml:name>InstanceId</maml:name>
			<maml:description>
				<maml:para>Specifies a unique instance IDs of a device.</maml:para>
			</maml:description>
			<command:parameterValue required="true" variableLength="false">String</command:parameterValue>
			<dev:type>
				<maml:name>String</maml:name>
				<maml:uri/>
			</dev:type>
			<dev:defaultValue></dev:defaultValue>
		</command:parameter>
		<command:parameter required="false" variableLength="true" globbing="false" pipelineInput="true (ByValue, ByPropertyName)" position="2">
			<maml:name>Class</maml:name>
			<maml:description>
				<maml:para />
			</maml:description>
			<command:parameterValue required="true" variableLength="true">Nullable`1[DeviceClass]</command:parameterValue>
			<dev:type>
				<maml:name>Nullable`1[DeviceClass]</maml:name>
				<maml:uri/>
			</dev:type>
			<dev:defaultValue></dev:defaultValue>
		</command:parameter>
		<command:parameter required="false" variableLength="false" globbing="false" pipelineInput="false" position="named">
			<maml:name>InformationAction</maml:name>
			<maml:description>
				<maml:para />
			</maml:description>
			<command:parameterValue required="true" variableLength="false">ActionPreference</command:parameterValue>
			<dev:type>
				<maml:name>ActionPreference</maml:name>
				<maml:uri/>
			</dev:type>
			<dev:defaultValue></dev:defaultValue>
		</command:parameter>
		<command:parameter required="false" variableLength="false" globbing="false" pipelineInput="false" position="named">
			<maml:name>InformationVariable</maml:name>
			<maml:description>
				<maml:para />
			</maml:description>
			<command:parameterValue required="true" variableLength="false">String</command:parameterValue>
			<dev:type>
				<maml:name>String</maml:name>
				<maml:uri/>
			</dev:type>
			<dev:defaultValue></dev:defaultValue>
		</command:parameter>
		<command:parameter required="false" variableLength="false" globbing="false" pipelineInput="false" position="named">
			<maml:name>WhatIf</maml:name>
			<maml:description>
				<maml:para />
			</maml:description>
			<command:parameterValue required="false" variableLength="false">SwitchParameter</command:parameterValue>
			<dev:type>
				<maml:name>SwitchParameter</maml:name>
				<maml:uri/>
			</dev:type>
			<dev:defaultValue></dev:defaultValue>
		</command:parameter>
		<command:parameter required="false" variableLength="false" globbing="false" pipelineInput="false" position="named">
			<maml:name>Confirm</maml:name>
			<maml:description>
				<maml:para />
			</maml:description>
			<command:parameterValue required="false" variableLength="false">SwitchParameter</command:parameterValue>
			<dev:type>
				<maml:name>SwitchParameter</maml:name>
				<maml:uri/>
			</dev:type>
			<dev:defaultValue></dev:defaultValue>
		</command:parameter>
		<command:parameter required="true" variableLength="false" globbing="false" pipelineInput="true (ByValue, ByPropertyName)" position="1">
			<maml:name>Name</maml:name>
			<maml:description>
				<maml:para>Specifies the name of the a device.</maml:para>
			</maml:description>
			<command:parameterValue required="true" variableLength="false">String</command:parameterValue>
			<dev:type>
				<maml:name>String</maml:name>
				<maml:uri/>
			</dev:type>
			<dev:defaultValue></dev:defaultValue>
		</command:parameter>
	</command:parameters>
	<command:inputTypes>
		<command:inputType>
			<dev:type>
				<maml:name>string</maml:name>
				<maml:uri></maml:uri>
				<maml:description/>
			</dev:type>
			<maml:description>
<maml:para />
			</maml:description>
		</command:inputType>
		<command:inputType>
			<dev:type>
				<maml:name> DeviceManagementLib.Device</maml:name>
				<maml:uri />
				<maml:description/>
			</dev:type>
			<maml:description>
<maml:para />
			</maml:description>
		</command:inputType>
	</command:inputTypes>
	<command:returnValues>
		<command:returnValue>
			<dev:type>
				<maml:name></maml:name>
				<maml:uri></maml:uri>
				<maml:description/>
			</dev:type>
			<maml:description>
<maml:para />
			</maml:description>
		</command:returnValue>
	</command:returnValues>
	<command:terminatingErrors></command:terminatingErrors>
	<command:nonTerminatingErrors></command:nonTerminatingErrors>
	<maml:alertSet>
		<maml:title></maml:title>
		<maml:alert>
			<maml:para />
		</maml:alert>
	</maml:alertSet>
	<command:examples>
		<command:example>
			<maml:title>--------------------------  Example 1  --------------------------</maml:title>
			<maml:introduction>
				<maml:paragraph>PS C:\&gt;</maml:paragraph>
			</maml:introduction>
			<dev:code>PS C:\&gt; Get-Device -Name &apos;Microsoft Virtual Machine Bus Network Adapter #2&apos; | Uninstall-Device</dev:code>
			<dev:remarks>
				<maml:para>Confirm
Are you sure you want to perform this action?
Performing the operation &quot;Uninstall Device&quot; on target &quot;Microsoft Virtual Machine Bus Network Adapter #2&quot;.
[Y] Yes  [A] Yes to All  [N] No  [L] No to All   Suspend  [?] Help (default is &quot;Y&quot;): y</maml:para>
				<maml:para />
				<maml:para />
				<maml:para>This command removes the device selected by Get-Device by piping it to Uninstall-Device.</maml:para>
			</dev:remarks>
			<command:commandLines>
				<command:commandLine>
					<command:commandText>
						<maml:para />
					</command:commandText>
				</command:commandLine>
			</command:commandLines>
		</command:example>
		<command:example>
			<maml:title>--------------------------  Example 2  --------------------------</maml:title>
			<maml:introduction>
				<maml:paragraph>PS C:\&gt;</maml:paragraph>
			</maml:introduction>
			<dev:code>PS C:\&gt; Get-Device -Class GUID_DEVCLASS_NET | Select-Object -First 2 | Uninstall-Device -Confirm:$false -Verbose</dev:code>
			<dev:remarks>
				<maml:para>DANGEROUS: This command removes the first 2 network adapters without asking for verification.</maml:para>
				<maml:para />
				<maml:para />
				<maml:para>VERBOSE: Performing the operation &quot;Uninstall Device&quot; on target &quot;Microsoft Virtual Machine Bus Network Adapter #2&quot;.
VERBOSE: Performing the operation &quot;Uninstall Device&quot; on target &quot;Microsoft Virtual Machine Bus Network Adapter #3&quot;.</maml:para>
			</dev:remarks>
			<command:commandLines>
				<command:commandLine>
					<command:commandText>
						<maml:para />
					</command:commandText>
				</command:commandLine>
			</command:commandLines>
		</command:example>
	</command:examples>
	<maml:relatedLinks>
	</maml:relatedLinks>
</command:command>
</helpItems>